<?xml version="1.0" encoding="UTF-8"?>
<Rules>
   <Rule TypeName="ParametersAreNotDelegatesResourceBased">
      <Name>Do not use delegate parameters (SDK sample 2 - ResourceBased)</Name>
      <Description>Company policy states that parameters should not be delegates.</Description>
      <LongDescription>Methods that require delegates should be redesigned. Consider using the .NET Framework event model.</LongDescription>
      <GroupOwner>FxCop Custom Rules Team</GroupOwner>
      <DevOwner>Jane Developer</DevOwner>
      <Url>http://www.example.com</Url>
      <Resolution>'{0}' cannot be used as a parameter in an externally visible method.</Resolution>
      <Email>JaneD@example.com</Email>
      <Message Certainty="99">CriticalError</Message>
   </Rule>
   
   <Rule TypeName="ParametersAreNotDelegatesWithData">
      <Name>Do not use delegate parameters (SDK sample 3 - WithData)</Name>
      <Description>Company policy states that parameters should not be delegates.</Description>
      <LongDescription>Methods that require delegates should be redesigned. Consider using the .NET Framework event model.</LongDescription>
      <GroupOwner>FxCop Custom Rules Team</GroupOwner>
      <DevOwner>Jane Developer</DevOwner>
      <Url>http://www.example.com</Url>
      <Resolution>'{0}' cannot be used as a parameter in an externally visible method. This is occurrence #{1} in this analysis.</Resolution>
      <Email>JaneD@example.com</Email>
      <Message Certainty="99">CriticalError</Message>
   </Rule>
   
   <Rule TypeName="ParametersAreNotDelegatesTrace">
      <Name>Do not use delegate parameters (SDK sample 4 - Trace)</Name>
      <Description>Company policy states that parameters should not be delegates.</Description>
      <LongDescription>Methods that require delegates should be redesigned. Consider using the .NET Framework event model.</LongDescription>
      <GroupOwner>FxCop Custom Rules Team</GroupOwner>
      <DevOwner>Jane Developer</DevOwner>
      <Url>http://www.example.com</Url>
      <Resolution>'{0}' cannot be used as a parameter in an externally visible method.</Resolution>
      <Email>JaneD@example.com</Email>
      <Message Certainty="99">CriticalError</Message>
   </Rule>
</Rules>
